{"cameraMode":{"drawMode":0,"name":"Shaded","section":"Shading Mode"},"sceneLighting":false,"audioPlay":false,"sceneViewState":{"showFog":true,"showMaterialUpdate":false,"showSkybox":true,"showFlares":true,"showImageEffects":true,"showParticleSystems":true},"in2DMode":false,"pivot":{"x":-3.6747875213623049,"y":-1.8292335271835328,"z":9.910717010498047},"rotation":{"x":-0.3329228460788727,"y":-0.6074461936950684,"z":0.3107120096683502,"w":-0.6508683562278748},"size":1.7829747200012208,"orthographic":false}