{"cameraMode":{"drawMode":0,"name":"Shaded","section":"Shading Mode"},"sceneLighting":true,"audioPlay":false,"sceneViewState":{"showFog":true,"showMaterialUpdate":false,"showSkybox":true,"showFlares":true,"showImageEffects":true,"showParticleSystems":true},"in2DMode":false,"pivot":{"x":-0.3648700714111328,"y":8.47459602355957,"z":-0.008295536041259766},"rotation":{"x":-0.05498432368040085,"y":0.9433566927909851,"z":-0.25835129618644717,"w":-0.20077258348464967},"size":37.501564025878909,"orthographic":false}